,min,max,default
energy_treatment_natural_gas_share,0.0,100.0,100.0
energy_regasification_lng_share,0.0,100.0,0.0
share_of_molecules_transport_ships_co2,0.0,100.0,50.0
share_of_molecules_transport_pipelines_co2,0.0,100.0,50.0
demand_of_molecules_offshore_sequestration_co2,0.0,41.95,0.0
demand_of_molecules_other_utilisation_co2,0.0,7.074759,0.0
output_of_energy_production_synthetic_kerosene,0.0,158.36902,0.0
output_of_energy_production_synthetic_methanol,0.0,50.0,0.0
share_of_energy_power_combined_cycle_ccs_coal,0.0,100.0,0.0
share_of_industry_steel_captured_co2,0.0,100.0,0.0
share_of_energy_hydrogen_steam_methane_reformer_ccs,0.0,100.0,0.0
share_of_energy_power_combined_cycle_ccs_network_gas,0.0,100.0,0.0
share_of_industry_chemicals_fertilizers_captured_processes_co2,0.0,100.0,65.0
share_of_industry_other_food_captured_co2,0.0,100.0,0.0
share_of_industry_other_paper_captured_co2,0.0,100.0,0.0
share_of_energy_power_ultra_supercritical_oxyfuel_ccs_lignite,0.0,100.0,0.0
demand_of_molecules_direct_air_capture_co2,0.0,7.074759,0.0
share_of_energy_hydrogen_biomass_gasification_ccs,0.0,100.0,0.0
share_of_industry_chemicals_fertilizers_captured_combustion_co2,0.0,100.0,0.0
share_of_energy_power_ultra_supercritical_ccs_coal,0.0,100.0,0.0
energy_mixer_for_gas_power_fuel_bio_oil_share,0.0,100.0,0.0
energy_mixer_for_gas_power_fuel_natural_gas_share,0.0,100.0,100.0
energy_mixer_for_gas_power_fuel_crude_oil_share,0.0,100.0,0.0
capacity_of_energy_power_ultra_supercritical_lignite,0.0,897.3693560506312,0.0
capacity_of_energy_power_ultra_supercritical_cofiring_coal,0.0,799.9226273865414,0.0
capacity_of_energy_power_ultra_supercritical_coal,0.0,799.9226273865414,0.0
capacity_of_energy_power_supercritical_coal,0.0,1032.6273917171718,0.0
capacity_of_energy_power_combined_cycle_coal,0.0,757.2600872592593,0.0
capacity_of_energy_chp_ultra_supercritical_cofiring_coal,0.0,709.9313318055555,0.0
capacity_of_energy_chp_ultra_supercritical_coal,0.0,709.9313318055555,0.0
capacity_of_energy_chp_ultra_supercritical_lignite,0.0,1262.1001454320988,0.0
capacity_of_energy_power_turbine_network_gas,0.0,757.2600872592593,0.0
capacity_of_energy_power_ultra_supercritical_network_gas,0.0,1234.663185748792,0.0
capacity_of_energy_power_engine_network_gas,0.0,5679450.654444444,0.0
capacity_of_energy_chp_combined_cycle_network_gas,0.0,1534.9866633633633,0.0
capacity_of_energy_chp_local_engine_network_gas,0.0,1689.8097751991802,50.410134219313036
capacity_of_energy_power_combined_cycle_network_gas,0.0,2912.538797150997,0.0
capacity_of_energy_power_ultra_supercritical_crude_oil,0.0,1419.862663611111,0.0
capacity_of_energy_power_engine_diesel,0.0,1419.862663611111,0.0
capacity_of_energy_power_nuclear_gen3_uranium_oxide,0.0,728.1346992877493,0.0
merit_order_subtype_of_energy_power_nuclear_uranium_oxide,0.0,1.0,0.0
capacity_of_energy_power_nuclear_gen2_uranium_oxide,0.0,709.9313318055555,0.0
capacity_of_energy_chp_supercritical_waste_mix,0.0,1135.890130888889,0.0
capacity_of_energy_power_supercritical_waste_mix,0.0,1385.2318669376693,0.0
capacity_of_energy_power_wind_turbine_coastal,0.0,9.36,0.0
capacity_of_energy_power_wind_turbine_offshore,0.0,75000.0,0.0
capacity_of_energy_power_wind_turbine_inland,0.0,22312.8,38.62847222222223
capacity_of_energy_power_geothermal,0.0,709.9313318055555,0.0
capacity_of_energy_power_turbine_hydrogen,0.0,11358.901308888888,0.0
capacity_of_energy_power_combined_cycle_hydrogen,0.0,2912.538797150997,0.0
capacity_of_energy_chp_local_engine_biogas,0.0,709.9313318055555,2.319001180555555
capacity_of_energy_chp_local_wood_pellets,0.0,946.5751090740741,0.0
capacity_of_energy_power_hydro_river,0.0,2258.230876518666,0.0
capacity_of_energy_power_hydro_mountain,0.0,1411.3942978241662,0.0
capacity_of_energy_power_solar_csp_solar_radiation,0.0,6550.692796360374,0.0
capacity_of_energy_power_solar_pv_solar_radiation,0.0,148752.0,3.2167115212097914
fuel_production_coal,0.0,100.39500478755868,0.0
fuel_production_crude_oil,0.0,100.39500478755868,0.0
fuel_production_natural_gas,0.0,100.39500478755868,0.0
fuel_production_uranium_oxide,0.0,100.39500478755868,0.0
fuel_production_lignite,0.0,100.39500478755868,0.0
capacity_of_energy_hydrogen_steam_methane_reformer,0.0,1283.286545488345,0.0
capacity_of_energy_hydrogen_solar_pv_solar_radiation,0.0,148752.0,0.0
capacity_of_energy_hydrogen_wind_turbine_offshore,0.0,75000.0,0.0
capacity_of_energy_hydrogen_biomass_gasification,0.0,1220.782482389978,0.0
capacity_of_energy_imported_hydrogen_baseload,0.0,1098.7042341509803,0.0
co2_emissions_of_imported_hydrogen_present,0.0,1500.0,280.8
co2_emissions_of_imported_hydrogen_future,0.0,1500.0,280.8
energy_transport_hydrogen_pipelines_share,0.0,100.0,99.0
energy_transport_hydrogen_compressed_trucks_share,0.0,100.0,1.0
energy_greengas_gasification_wet_biomass_share,0.0,100.0,0.0
energy_greengas_gasification_dry_biomass_share,0.0,100.0,0.0
energy_biogas_fermentation_share,0.0,100.0,100.0
max_demand_of_wet_biomass,0.0,22.191883599149502,4.634434723
max_demand_of_oily_biomass,0.0,22.191883599149502,0.815445324
max_demand_of_biogenic_waste,0.0,22.191883599149502,1.611879922574751
max_demand_of_dry_biomass,0.0,22.191883599149502,4.03418183
co_firing_biocoal_share,0.0,100.0,0.0
co_firing_coal_share,0.0,100.0,100.0
green_gas_total_share,0.0,100.0,0.39431649588816936
natural_gas_total_share,0.0,100.0,99.60568350411182
capacity_of_industry_chp_turbine_gas_power_fuelmix,0.0,594.8700500260417,0.0
capacity_of_industry_chp_combined_cycle_gas_power_fuelmix,0.0,643.1106876267679,0.0
capacity_of_industry_chp_engine_gas_power_fuelmix,0.0,1464.2955077564104,0.0
capacity_of_industry_heat_well_geothermal,0.0,271.94059429761904,0.0
capacity_of_industry_heat_burner_coal,0.0,869.2165114535769,0.0
capacity_of_industry_chp_ultra_supercritical_coal,0.0,423.0187022407407,0.0
capacity_of_industry_heat_burner_lignite,0.0,869.2165114535769,0.0
capacity_of_industry_chp_wood_pellets,0.0,317.26402668055556,0.0
capacity_of_industry_heat_burner_crude_oil,0.0,869.2165114535769,0.0
capacity_of_energy_heat_solar_thermal,0.0,7456.645408598005,0.0
energy_heat_distribution_loss_share,0.0,50.0,0.0
volume_of_imported_heat,0.0,18.361243654131727,0.0
capacity_of_energy_heat_burner_hydrogen,0.0,2328.9248673429383,0.0
share_of_industry_other_ict_reused_residual_heat,0.0,100.0,0.0
heat_storage_enabled,0.0,1.0,0.0
share_of_industry_chemicals_fertilizers_reused_residual_heat,0.0,100.0,0.0
capacity_of_energy_heat_burner_waste_mix,0.0,2328.9248673429383,0.0
energy_heat_network_storage_output_capacity_share,0.0,300.0,300.0
share_of_industry_chemicals_other_reused_residual_heat,0.0,100.0,0.0
capacity_of_energy_heat_heatpump_water_water_electricity,0.0,784.6685322278515,11.367521367521368
energy_heat_network_storage_loss_share,0.0,50.0,30.000006804802226
capacity_of_energy_heat_burner_wood_pellets,0.0,2328.9248673429383,10.400811770674787
capacity_of_energy_heat_burner_crude_oil,0.0,2328.9248673429383,0.0
capacity_of_energy_heat_burner_coal,0.0,2328.9248673429383,0.0
capacity_of_energy_heat_well_geothermal,0.0,850.0575765801724,0.0
co2_emissions_of_imported_heat,0.0,100.0,35.97
share_of_industry_chemicals_refineries_reused_residual_heat,0.0,100.0,0.0
capacity_of_energy_heat_burner_network_gas,0.0,2328.9248673429383,0.0
climate_relevant_co2_biomass_gas_present,0.0,100.0,0.0
climate_relevant_co2_biomass_solid_present,0.0,100.0,0.0
climate_relevant_co2_biomass_gas_future,0.0,100.0,0.0
climate_relevant_co2_biomass_liquid_present,0.0,100.0,0.0
climate_relevant_co2_biomass_liquid_future,0.0,100.0,0.0
climate_relevant_co2_biomass_solid_future,0.0,100.0,0.0
flh_of_energy_power_ultra_supercritical_ccs_coal,,,
flh_of_energy_power_ultra_supercritical_oxyfuel_ccs_lignite,,,
flh_of_energy_power_combined_cycle_ccs_network_gas,,,
flh_of_energy_power_combined_cycle_network_gas,,,
flh_of_energy_power_wind_turbine_coastal_user_curve,0.0,8760.0,2550.0
flh_of_energy_power_wind_turbine_offshore_user_curve,0.0,8760.0,3500.0
flh_of_energy_power_nuclear_gen3_uranium_oxide,,,
flh_of_energy_power_engine_diesel,,,
flh_of_energy_power_wind_turbine_inland,1920.0,3500.0,1920.0
flh_of_energy_power_wind_turbine_coastal,2550.0,4500.0,2550.0
flh_of_energy_power_wind_turbine_inland_user_curve,0.0,8760.0,1920.0
flh_of_energy_power_ultra_supercritical_lignite,,,
flh_of_energy_power_combined_cycle_ccs_coal,,,
flh_of_energy_power_ultra_supercritical_network_gas,,,
flh_of_hydro_river,,,
flh_of_energy_chp_ultra_supercritical_coal,,,
flh_of_energy_hydrogen_wind_turbine_offshore,4000.0,6500.0,4000.0
flh_of_geothermal_heat,,,
flh_of_energy_chp_ultra_supercritical_cofiring_coal,,,
flh_of_energy_power_wind_turbine_offshore,3500.0,6500.0,3500.0
flh_of_energy_power_ultra_supercritical_coal,,,
flh_of_solar_thermal,,,
flh_of_energy_chp_ultra_supercritical_lignite,,,
flh_of_energy_power_engine_network_gas,,,
flh_of_energy_power_supercritical_waste_mix,,,
flh_of_energy_power_supercritical_coal,,,
flh_of_solar_pv_solar_radiation_user_curve,0.0,8760.0,867.0
flh_of_energy_heater_for_heat_network_waste_mix,,,
flh_of_energy_chp_combined_cycle_network_gas,,,
flh_of_energy_power_nuclear_gen2_uranium_oxide,,,
flh_of_energy_power_turbine_network_gas,,,
flh_of_energy_power_ultra_supercritical_cofiring_coal,,,
flh_of_energy_power_combined_cycle_coal,,,
flh_of_energy_power_ultra_supercritical_crude_oil,,,
flh_of_energy_chp_supercritical_waste_mix,,,
flh_of_solar_pv_solar_radiation,867.0,1361.35634547,867.0
co2_emission_1990,0.0,0.0,0.0
offshore_suitable_for_wind,0.0,0.0,0.0
number_of_inhabitants_present,0.0,0.0,0.0
co2_emission_1990_aviation_bunkers,0.0,0.0,0.0
co2_emission_1990_marine_bunkers,0.0,0.0,0.0
buildings_roof_surface_available_for_pv,0.0,0.0,0.0
areable_land,0.0,0.0,0.0
number_of_inhabitants,0.0,0.0,0.0
number_of_buildings_both,0.0,0.0,0.0
coast_line,0.0,0.0,0.0
number_of_buildings_present,0.0,0.0,0.0
residences_roof_surface_available_for_pv,0.0,0.0,0.0
number_of_residences,0.0,0.0,0.0
flexibility_outdoor_temperature,-5.0,5.0,0.0
settings_satisfy_export_with_dispatchables,0.0,1.0,0.0
electricity_interconnector_4_export_availability,0.0,100.0,100.0
electricity_interconnector_4_co2_emissions_present,0.0,1000.0,430.00034400000004
electricity_interconnector_4_co2_emissions_future,0.0,1000.0,430.00034400000004
electricity_interconnector_4_marginal_costs,0.0,500.0,34.999999999999204
electricity_interconnector_4_capacity,0.0,600000.0,0.0
electricity_interconnector_4_import_availability,0.0,100.0,100.0
electricity_interconnector_6_import_availability,0.0,100.0,100.0
electricity_interconnector_6_capacity,0.0,600000.0,0.0
electricity_interconnector_6_marginal_costs,0.0,500.0,34.999999999999204
electricity_interconnector_6_export_availability,0.0,100.0,100.0
electricity_interconnector_6_co2_emissions_present,0.0,1000.0,430.00034400000004
electricity_interconnector_6_co2_emissions_future,0.0,1000.0,430.00034400000004
electricity_interconnector_2_co2_emissions_future,0.0,1000.0,430.00034400000004
electricity_interconnector_2_marginal_costs,0.0,500.0,34.999999999999204
electricity_interconnector_2_import_availability,0.0,100.0,100.0
electricity_interconnector_2_export_availability,0.0,100.0,100.0
electricity_interconnector_2_capacity,0.0,600000.0,0.0
electricity_interconnector_2_co2_emissions_present,0.0,1000.0,430.00034400000004
electricity_interconnector_5_export_availability,0.0,100.0,100.0
electricity_interconnector_5_co2_emissions_future,0.0,1000.0,430.00034400000004
electricity_interconnector_5_marginal_costs,0.0,500.0,34.999999999999204
electricity_interconnector_5_capacity,0.0,600000.0,0.0
electricity_interconnector_5_co2_emissions_present,0.0,1000.0,430.00034400000004
electricity_interconnector_5_import_availability,0.0,100.0,100.0
electricity_interconnector_1_export_availability,0.0,100.0,100.0
electricity_interconnector_1_capacity,0.0,600000.0,60000.0
electricity_interconnector_1_co2_emissions_present,0.0,1000.0,430.00034400000004
electricity_interconnector_1_marginal_costs,0.0,500.0,34.999999999999204
electricity_interconnector_1_import_availability,0.0,100.0,100.0
electricity_interconnector_1_co2_emissions_future,0.0,1000.0,430.00034400000004
electricity_interconnector_3_capacity,0.0,600000.0,0.0
electricity_interconnector_3_co2_emissions_future,0.0,1000.0,430.00034400000004
electricity_interconnector_3_export_availability,0.0,100.0,100.0
electricity_interconnector_3_marginal_costs,0.0,500.0,34.999999999999204
electricity_interconnector_3_import_availability,0.0,100.0,100.0
electricity_interconnector_3_co2_emissions_present,0.0,1000.0,430.00034400000004
transport_car_using_electricity_fast_charging_share,0.0,100.0,0.0
transport_car_using_electricity_hybrid_charging_share,0.0,100.0,100.0
transport_car_using_electricity_regular_charging_share,0.0,100.0,0.0
transport_car_using_electricity_availability,0.0,100.0,0.0
transport_car_using_electricity_home_charging_share,0.0,100.0,0.0
transport_car_using_electricity_smart_charging_share,0.0,100.0,0.0
curtailment_of_energy_power_solar_pv_solar_radiation,0.0,100.0,0.0
curtailment_of_buildings_solar_pv_solar_radiation,0.0,100.0,0.0
curtailment_of_households_solar_pv_solar_radiation,0.0,100.0,0.0
households_flexibility_p2p_electricity_market_penetration,0.0,100.0,0.0
households_flexibility_consumer_electricity_price,10.0,30.0,22.5
households_flexibility_space_heating_cop_cutoff,1.0,6.0,2.6
households_flexibility_consumer_gas_price,70.0,95.0,81.4
households_flexibility_water_heating_cop_cutoff,1.0,6.0,6.0
capacity_of_energy_heat_flexibility_p2h_boiler_electricity,0.0,2328.9248673429383,0.0
capacity_of_energy_heat_flexibility_p2h_heatpump_electricity,0.0,784.6685322278515,0.0
capacity_of_energy_hydrogen_flexibility_p2g_electricity,0.0,75000.0,0.0
capacity_of_energy_flexibility_pumped_storage_electricity,0.0,3890.0346948249617,0.0
capacity_of_energy_flexibility_hv_opac_electricity,0.0,3890.0346948249617,0.0
capacity_of_energy_flexibility_mv_batteries_electricity,0.0,3890.0346948249617,0.0
investment_costs_water_mountains,-100.0,300.0,0.0
efficiency_energy_power_supercritical_waste_mix,15.0,35.0,25.0
om_costs_combustion_oil_plant,-100.0,300.0,0.0
investment_costs_hydrogen_electrolysis,-100.0,300.0,0.0
efficiency_buildings_space_heater_crude_oil,70.0,100.0,85.0
efficiency_buildings_space_heater_wood_pellets,72.0,92.0,82.0
efficiency_energy_power_ultra_supercritical_network_gas,30.0,50.0,40.0
costs_wacc_public_infrastructure,0.0,15.0,3.0
om_costs_combustion_waste_incinerator,-100.0,300.0,0.0
costs_hydrogen_transport_pipelines,0.0,100.0,1.5706418061897514
efficiency_energy_power_combined_cycle_coal,35.300000000000004,55.300000000000004,45.300000000000004
efficiency_energy_chp_combined_cycle_network_gas_electricity,36.0,56.0,46.0
efficiency_buildings_space_heater_combined_hydrogen,90.0,118.0,108.6956522
investment_costs_power_to_gas,-100.0,300.0,0.0
investment_costs_electric_heat_pumps,-100.0,300.0,0.0
om_costs_water_river,-100.0,300.0,0.0
investment_costs_geothermal,-100.0,300.0,0.0
investment_costs_solar_solar_panels,-100.0,300.0,0.0
om_costs_co2_storage,-100.0,300.0,0.0
costs_bio_ethanol,0.0,10.0,0.9482455179824159
efficiency_energy_power_engine_network_gas,38.0,58.0,48.0
efficiency_energy_chp_local_engine_network_gas_heat,37.0,57.0,47.0
om_costs_nuclear_nuclear_plant,-100.0,300.0,0.0
efficiency_energy_chp_ultra_supercritical_coal_electricity,30.0,50.0,40.0
investment_costs_solar_thermal,-100.0,300.0,0.0
investment_costs_wind_onshore,-100.0,300.0,0.0
efficiency_energy_power_supercritical_coal,26.0,46.0,36.0
investment_costs_combustion_coal_plant,-100.0,300.0,0.0
investment_costs_nuclear_nuclear_plant,-100.0,300.0,0.0
efficiency_energy_power_ultra_supercritical_cofiring_coal,32.0,52.0,42.0
efficiency_energy_chp_supercritical_waste_mix_electricity,17.0,37.0,27.0
costs_hydrogen_transport_compressed_trucks,0.0,100.0,50.08226477935054
costs_infrastructure_electricity_mv_hv_trafo,0.0,1500.0,250.0
investment_costs_energy_flexibility_mv_batteries_electricity,-100.0,300.0,0.0
investment_costs_co2_capture_industry,-100.0,300.0,0.0
om_costs_water_mountains,-100.0,300.0,0.0
efficiency_households_space_heater_hybrid_heatpump_air_water_electricity,0.0,200.0,100.0
costs_uranium,0.0,800.0,69.10000000000218
costs_greengas,0.0,200.0,63.56999879999999
investment_costs_water_river,-100.0,300.0,0.0
om_costs_co2_ccs,-100.0,300.0,0.0
costs_wacc_unproven_technologies,0.0,15.0,7.0
investment_costs_co2_utilisation,-100.0,300.0,0.0
costs_industry_residual_heat,-100.0,300.0,0.0
efficiency_households_space_heater_combined_hydrogen,90.0,118.0,110.00000000000001
costs_hydrogen,0.0,200.0,60.163012800000004
investment_costs_energy_flexibility_hv_opac_electricity,-100.0,300.0,0.0
efficiency_energy_power_combined_cycle_network_gas,50.0,70.0,60.0
efficiency_energy_power_nuclear_gen2_uranium_oxide,22.0,42.0,32.0
investment_costs_electric_cars,0.0,25000.0,0.0
efficiency_hydrogen_electrolysis,56.0,76.0,66.0
costs_heat_network_storage,0.0,200.0,43.2
investment_costs_combustion_waste_incinerator,-100.0,300.0,0.0
om_costs_geothermal,-100.0,300.0,0.0
costs_biodiesel,0.0,10.0,0.9588091404958679
investment_costs_combustion_biomass_plants,-100.0,300.0,0.0
efficiency_energy_power_turbine_network_gas,24.0,44.0,34.0
costs_heat_infra_indoors,0.0,300.0,100.0
investment_costs_combustion_gas_plant,-100.0,300.0,0.0
investment_costs_co2_storage,-100.0,300.0,0.0
efficiency_households_space_heater_network_gas,60.0,100.0,80.0
investment_costs_combustion_hydrogen_plant,-100.0,300.0,0.0
costs_infrastructure_electricity_lv_mv_trafo,0.0,1500.0,200.0
efficiency_energy_chp_ultra_supercritical_cofiring_coal_electricity,27.0,47.0,37.0
efficiency_energy_chp_local_engine_network_gas_electricity,33.0,53.0,43.0
efficiency_households_space_heater_combined_network_gas,90.0,111.0,107.0
om_costs_co2_utilisation,-100.0,300.0,0.0
costs_infrastructure_electricity_hv_net,0.0,1500.0,364.0
costs_coal,0.0,500.0,83.50712518132947
om_costs_combustion_biomass_plant,-100.0,300.0,0.0
investment_costs_co2_ccs,-100.0,300.0,0.0
om_costs_co2_transport,-100.0,300.0,0.0
efficiency_households_space_heater_electricity,90.0,100.0,100.0
efficiency_buildings_space_heater_network_gas,90.0,111.0,106.69999999999999
investment_costs_electric_boilers,-100.0,300.0,0.0
investment_costs_co2_transport,-100.0,300.0,0.0
costs_imported_heat,0.0,500.0,11.56944444444
costs_infrastructure_electricity_mv_net,0.0,1500.0,690.0
investment_costs_combustion_oil_plant,-100.0,300.0,0.0
efficiency_energy_chp_local_engine_biogas_heat,37.0,57.0,47.0
efficiency_households_space_heater_heatpump_air_water_electricity,0.0,200.0,100.0
costs_wacc_households,0.0,15.0,2.0
investment_costs_wind_offshore,-100.0,300.0,0.0
costs_co2,0.0,3500.0,7.8
investment_costs_households_flexibility_p2p_electricity,-100.0,300.0,0.0
efficiency_buildings_space_heater_collective_heatpump_water_water_ts_electricity,0.8,6.8,3.7600000000000002
costs_infrastructure_electricity_offshore_net,0.0,1500.0,1159.0
efficiency_households_space_heater_heatpump_ground_water_electricity,0.8,8.8,4.800000000000008
efficiency_energy_chp_local_wood_pellets_electricity,18.9,38.9,28.9
efficiency_energy_power_ultra_supercritical_coal,36.0,56.0,46.0
investment_costs_flexibility_p2h_electricity,-100.0,300.0,0.0
investment_costs_households_storage_water_heating,0.0,500.0,50.71375
om_costs_combustion_coal_plant,-100.0,300.0,0.0
costs_heat_infra_outdoors,0.0,300.0,100.0
costs_biogas,0.0,200.0,56.999999988000006
om_costs_co2_capture_industry,-100.0,300.0,0.0
costs_gas,0.0,200.0,18.25
costs_infrastructure_electricity_lv_net,0.0,1500.0,916.0
efficiency_energy_power_ultra_supercritical_crude_oil,35.0,55.0,45.0
efficiency_energy_power_nuclear_gen3_uranium_oxide,26.0,46.0,36.0
investment_costs_households_storage_space_heating,0.0,500.0,154.7368
efficiency_energy_chp_ultra_supercritical_coal_heat,5.0,25.0,15.0
om_costs_wind_onshore,-100.0,300.0,0.0
costs_wacc_proven_technologies,0.0,15.0,4.0
om_costs_solar_thermal,-100.0,300.0,0.0
costs_wood,0.0,1550.0,149.77999800000003
efficiency_energy_chp_combined_cycle_network_gas_heat,32.0,52.0,42.0
efficiency_energy_power_engine_diesel,28.0,48.0,38.0
investment_costs_gas_heat_pumps,-100.0,300.0,0.0
efficiency_energy_chp_local_wood_pellets_heat,72.1,92.1,82.1
costs_oil,0.0,500.0,45.19974076741209
efficiency_households_space_heater_crude_oil,70.0,100.0,85.0
efficiency_energy_chp_local_engine_biogas_electricity,33.0,53.0,43.0
efficiency_energy_power_turbine_hydrogen,24.0,44.0,34.0
costs_infrastructure_electricity_interconnector_net,0.0,1500.0,364.0
efficiency_buildings_space_heater_electricity,90.0,100.0,100.0
investment_costs_solar_concentrated_solar_power,-100.0,300.0,0.0
om_costs_combustion_hydrogen_plant,-100.0,300.0,0.0
om_costs_wind_offshore,-100.0,300.0,0.0
efficiency_energy_chp_ultra_supercritical_cofiring_coal_heat,5.0,25.0,15.0
investment_costs_batteries,-100.0,300.0,0.0
om_costs_combustion_gas_plant,-100.0,300.0,0.0
efficiency_energy_chp_supercritical_waste_mix_heat,5.0,25.0,15.0
costs_co2_free_allocation,0.0,100.0,85.0
costs_hydrogen_storage,0.0,15.0,3.4
investment_costs_electrolyzers,-100.0,300.0,0.0
efficiency_households_space_heater_wood_pellets,72.0,92.0,82.0
efficiency_energy_power_solar_pv_solar_radiation,10.0,50.0,17.0
efficiency_energy_power_combined_cycle_hydrogen,50.0,70.0,60.0
initial_updates_interconnector_prices,0.0,0.0,0.0
initial_updates_interconnector_curves,0.0,0.0,0.0
settings_enable_merit_order,0.0,1.0,1.0
employment_local_fraction,0.0,100.0,20.0
employment_economic_multiplier,1.0,3.0,1.0
employment_fraction_production,0.0,90.0,50.0
energy_mix_capacity_per_unit_wind_turbine_inland,0.1,20.0,3.0
policy_cost_total_energy_cost,-100.0,500.0,0.0
policy_area_onshore_land,0.0,1487.52,2.575231481481482
policy_cost_electricity_cost,-100.0,500.0,0.0
policy_sustainability_renewable_percentage,0.0,100.0,3.8786644955682106
policy_area_onshore_coast,0.0,0.624,0.0
policy_sustainability_co2_emissions,-100.0,50.0,0.0
policy_area_land_for_solar_panels,0.0,1487.52,0.03216711521209791
policy_cost_energy_use,-100.0,50.0,0.0
policy_area_offshore,0.0,12500.0,0.0
policy_area_green_gas,0.0,2706.63,0.0
policy_grid_baseload_maximum,0.0,100.0,60.0
policy_dependence_max_dependence,0.0,100.0,50.0
policy_area_land_for_csp,0.0,1487.52,0.0
policy_grid_intermittent_maximum,0.0,100.0,30.0
policy_area_roofs_for_solar_panels,0.0,17.224369,0.8263789945043761
policy_dependence_max_electricity_dependence,0.0,100.0,50.0
policy_area_biomass,0.0,2706.63,593.2382389967956
other_useful_demand_useable_heat,-5.0,5.0,0.0
other_useful_demand_electricity,-5.0,5.0,0.0
other_useful_demand_non_energetic,-5.0,5.0,0.0
transport_ships_share,0.0,100.0,39.99722234158444
transport_ship_using_diesel_mix_share,0.0,100.0,100.0
transport_ship_using_lng_mix_share,0.0,100.0,0.0
transport_useful_demand_freight_tonne_kms,-5.0,5.0,0.0
transport_trucks_share,0.0,100.0,56.20132468570475
transport_truck_using_hydrogen_share,0.0,100.0,0.0
transport_truck_using_diesel_mix_share,0.0,100.0,98.75210838425215
transport_truck_using_lng_mix_share,0.0,100.0,0.0
transport_truck_using_compressed_natural_gas_share,0.0,100.0,0.0
transport_truck_using_electricity_share,0.0,100.0,0.9899233747182147
transport_truck_using_gasoline_mix_share,0.0,100.0,0.2579682410296411
transport_freight_train_using_diesel_mix_share,0.0,100.0,0.0
transport_freight_train_using_electricity_share,0.0,100.0,100.0
transport_freight_train_using_coal_share,0.0,100.0,0.0
transport_freight_trains_share,0.0,100.0,3.8014529727108086
transport_car_using_hydrogen_share,0.0,100.0,0.0014539065599633101
transport_car_using_lpg_share,0.0,100.0,2.16617265786816
transport_car_using_gasoline_mix_share,0.0,100.0,67.30581850154094
transport_car_using_diesel_mix_share,0.0,100.0,29.187104236957335
transport_car_using_electricity_share,0.0,100.0,1.3394506970736106
transport_cars_share,0.0,100.0,77.62890886047731
transport_car_using_compressed_natural_gas_share,0.0,100.0,0.0
transport_rail_mixer_diesel_biodiesel_share,0.0,100.0,2.7261142743497793
transport_passenger_train_using_diesel_mix_share,0.0,100.0,0.0
transport_passenger_train_using_electricity_share,0.0,100.0,100.0
transport_passenger_train_using_coal_share,0.0,100.0,0.0
transport_passenger_trains_share,0.0,100.0,10.048830388789373
transport_trams_share,0.0,100.0,0.3644268477691311
transport_bus_using_gasoline_mix_share,0.0,100.0,0.0
transport_bus_using_hydrogen_share,0.0,100.0,0.33129465483021736
transport_bus_using_electricity_share,0.0,100.0,4.91976077739329
transport_bus_using_lng_share,0.0,100.0,0.0
transport_bus_using_diesel_mix_share,0.0,100.0,84.27275955255769
transport_bus_using_compressed_natural_gas_share,0.0,100.0,10.476185015218821
transport_busses_share,0.0,100.0,3.888841834387987
transport_plane_using_bio_ethanol_share,0.0,100.0,0.0
transport_planes_share,0.0,100.0,0.0
transport_plane_using_kerosene_share,0.0,100.0,100.0
transport_plane_using_gasoline_share,0.0,100.0,0.0
transport_bicycle_using_electricity_share,0.0,100.0,15.999943555749013
transport_bicycles_share,0.0,100.0,5.31347632933865
transport_bicycle_using_human_power_share,0.0,100.0,84.00005644425099
transport_useful_demand_passenger_kms,-5.0,5.0,0.0
transport_motorcycle_using_electricity_share,0.0,100.0,9.632000218395788
transport_motorcycles_share,0.0,100.0,2.755515739237556
transport_motorcycle_using_gasoline_mix_share,0.0,100.0,90.36799978160421
transport_rail_mixer_diesel_diesel_share,0.0,100.0,97.27388572565022
transport_road_mixer_lng_bio_lng_share,0.0,100.0,0.0
transport_road_mixer_lng_lng_share,0.0,100.0,100.0
transport_road_mixer_gasoline_gasoline_share,0.0,100.0,92.03059062397988
transport_road_mixer_gasoline_ethanol_share,0.0,100.0,7.969409376020109
transport_road_mixer_diesel_biodiesel_share,0.0,100.0,2.917040300935655
transport_road_mixer_diesel_diesel_share,0.0,100.0,97.08295969906435
transport_shipping_mixer_diesel_heavy_fuel_oil_share,0.0,100.0,0.0
transport_shipping_mixer_diesel_diesel_share,0.0,100.0,100.0
transport_shipping_mixer_diesel_lng_share,0.0,100.0,0.0
transport_shipping_mixer_diesel_bio_lng_share,0.0,100.0,0.0
transport_shipping_mixer_diesel_biodiesel_share,0.0,100.0,0.0
transport_shipping_mixer_lng_lng_share,0.0,100.0,100.0
transport_shipping_mixer_lng_bio_lng_share,0.0,100.0,0.0
transport_vehicle_using_hydrogen_efficiency,0.0,3.0,0.0
transport_trains_efficiency,0.0,3.0,0.0
transport_vehicle_using_electricity_efficiency,0.0,3.0,0.0
transport_planes_efficiency,0.0,3.0,0.0
transport_vehicle_combustion_engine_efficiency,0.0,3.0,0.0
transport_ships_efficiency,0.0,3.0,0.0
agriculture_burner_hydrogen_share,0.0,100.0,0.0
agriculture_burner_crude_oil_share,0.0,100.0,0.0
agriculture_burner_wood_pellets_share,0.0,100.0,0.0
agriculture_burner_network_gas_share,0.0,100.0,34.02122544125382
agriculture_useful_demand_electricity,-10.0,10.0,0.0
agriculture_useful_demand_useable_heat,-10.0,10.0,0.0
agriculture_heatpump_water_water_ts_electricity_share,0.0,100.0,0.0
agriculture_geothermal_share,0.0,100.0,0.0
agriculture_final_demand_steam_hot_water_share,0.0,100.0,65.97877455874618
industry_chemicals_refineries_burner_crude_oil_share,0.0,100.0,0.0
industry_chemicals_other_burner_wood_pellets_share,0.0,100.0,0.0
industry_chemicals_refineries_burner_hydrogen_share,0.0,100.0,0.0
industry_aluminium_electrolysis_bat_electricity_share,0.0,100.0,0.0
industry_chemicals_refineries_burner_wood_pellets_share,0.0,100.0,0.0
industry_other_paper_burner_coal_share,0.0,100.0,0.0
industry_aggregated_other_industry_wood_pellets_share,0.0,100.0,0.0
industry_chemicals_other_burner_hydrogen_share,0.0,100.0,0.0
industry_steel_blastfurnace_bat_consumption_useable_heat_share,0.0,100.0,0.0
industry_other_metals_process_heat_useable_heat_efficiency,0.0,2.0,0.0
industry_final_demand_for_chemical_other_steam_hot_water_share,0.0,100.0,0.0
industry_aggregated_other_industry_network_gas_share,0.0,100.0,61.94570508936997
industry_steel_hisarna_consumption_useable_heat_share,0.0,100.0,0.0
industry_chemicals_other_heatpump_water_water_electricity_share,0.0,100.0,0.0
industry_aluminium_production,0.0,2000.0,100.0
industry_steel_blastfurnace_current_consumption_useable_heat_share,0.0,100.0,100.0
industry_final_demand_for_other_food_steam_hot_water_share,0.0,100.0,0.0
industry_chemicals_other_crude_oil_non_energetic_share,0.0,100.0,0.0
industry_useful_demand_for_other_food,0.0,300.0,100.0
industry_chemicals_other_burner_network_gas_share,0.0,100.0,100.0
industry_chemicals_other_heater_electricity_share,0.0,100.0,0.0
industry_useful_demand_for_aggregated_other,0.0,5000.0,100.0
industry_chemicals_other_steam_recompression_electricity_share,0.0,100.0,0.0
industry_other_paper_burner_crude_oil_share,0.0,100.0,0.0
industry_chemicals_fertilizers_steam_methane_reformer_hydrogen_share,0.0,100.0,0.0
industry_useful_demand_for_chemical_fertilizers,0.0,1000.0,100.0
industry_other_paper_burner_network_gas_share,0.0,100.0,100.0
industry_useful_demand_for_chemical_refineries_useable_heat_efficiency,0.0,5.0,0.0
industry_final_demand_for_other_paper_steam_hot_water_share,0.0,100.0,0.0
industry_chemicals_fertilizers_burner_crude_oil_share,0.0,100.0,0.0
industry_useful_demand_for_other_ict_efficiency,0.0,5.0,0.0
capacity_of_industry_other_paper_flexibility_p2h_electricity,0.0,2.4390064497716892,0.0
industry_chemicals_other_burner_crude_oil_share,0.0,100.0,0.0
industry_chemicals_fertilizers_burner_coal_share,0.0,100.0,0.0
energy_steel_hisarna_transformation_coal_woodpellets_share,0.0,100.0,0.0
industry_other_food_burner_crude_oil_share,0.0,100.0,0.0
industry_other_food_burner_coal_share,0.0,100.0,0.0
industry_useful_demand_for_chemical_refineries,0.0,300.0,100.0
industry_useful_demand_for_other_food_efficiency,0.0,5.0,0.0
industry_final_demand_for_chemical_refineries_steam_hot_water_share,0.0,100.0,0.0
capacity_of_industry_chemicals_other_flexibility_p2h_electricity,0.0,22.829879052511416,0.0
industry_aggregated_other_industry_useable_heat_share,0.0,100.0,0.0
industry_chemicals_fertilizers_hydrogen_network_share,0.0,100.0,0.0
industry_steel_electricfurnace_electricity_share,0.0,100.0,0.0
industry_useful_demand_for_chemical_refineries_electricity_efficiency,0.0,5.0,0.0
industry_steel_production,0.0,300.0,100.0
industry_aluminium_electrolysis_current_electricity_share,0.0,100.0,80.00000000000001
industry_useful_demand_for_chemical_other,0.0,300.0,100.0
industry_chemicals_other_coal_non_energetic_share,0.0,100.0,0.0
industry_other_paper_heater_electricity_share,0.0,100.0,0.0
industry_chemicals_fertilizers_burner_hydrogen_share,0.0,100.0,0.0
industry_chemicals_other_network_gas_non_energetic_share,0.0,100.0,0.0
industry_chemicals_refineries_burner_network_gas_share,0.0,100.0,0.0
industry_useful_demand_for_other_paper,0.0,300.0,100.0
industry_useful_demand_for_other_paper_efficiency,0.0,5.0,0.0
industry_other_food_burner_network_gas_share,0.0,100.0,100.0
industry_useful_demand_for_other_ict,0.0,3000.0,100.0
industry_useful_demand_for_chemical_fertilizers_electricity_efficiency,0.0,5.0,0.0
industry_useful_demand_for_chemical_aggregated_industry_electricity_efficiency,0.0,5.0,0.0
industry_useful_demand_for_chemical_other_useable_heat_efficiency,-10.0,10.0,0.0
industry_chemicals_other_wood_pellets_non_energetic_share,0.0,100.0,0.0
industry_aluminium_smeltoven_electricity_share,0.0,100.0,19.999999999999986
industry_useful_demand_for_chemical_fertilizers_useable_heat_efficiency,0.0,5.0,0.0
industry_useful_demand_for_chemical_aggregated_industry,0.0,300.0,100.0
industry_chemicals_fertilizers_burner_network_gas_share,0.0,100.0,0.0
industry_chemicals_refineries_burner_coal_share,0.0,100.0,0.0
industry_aggregated_other_industry_coal_share,0.0,100.0,0.0
industry_aluminium_carbothermalreduction_electricity_share,0.0,100.0,0.0
industry_other_metals_process_electricity_efficiency,0.0,2.0,0.0
industry_other_paper_burner_wood_pellets_share,0.0,100.0,0.0
industry_aggregated_other_industry_hydrogen_share,0.0,100.0,0.0
industry_useful_demand_for_chemical_other_electricity_efficiency,-10.0,10.0,0.0
industry_aggregated_other_industry_electricity_share,0.0,100.0,38.05429491063002
industry_other_food_burner_wood_pellets_share,0.0,100.0,0.0
capacity_of_industry_other_food_flexibility_p2h_electricity,0.0,84.58812574200913,0.0
industry_other_food_heater_electricity_share,0.0,100.0,0.0
industry_other_metals_production,0.0,300.0,100.0
industry_chemicals_other_burner_coal_share,0.0,100.0,0.0
capacity_of_industry_chemicals_refineries_flexibility_p2h_electricity,0.0,1.0,0.0
industry_chemicals_other_hydrogen_non_energetic_share,0.0,100.0,0.0
industry_aggregated_other_industry_crude_oil_share,0.0,100.0,0.0
industry_final_demand_for_chemical_fertilizers_steam_hot_water_share,0.0,100.0,0.0
industry_chemicals_fertilizers_burner_wood_pellets_share,0.0,100.0,0.0
industry_useful_demand_for_chemical_aggregated_industry_useable_heat_efficiency,0.0,5.0,0.0
industry_other_paper_burner_hydrogen_share,0.0,100.0,0.0
industry_other_food_burner_hydrogen_share,0.0,100.0,0.0
households_useful_demand_cooking_per_person,-5.0,5.0,0.0
households_useful_demand_lighting,-5.0,5.0,0.0
households_useful_demand_electric_appliances,-5.0,5.0,0.0
households_useful_demand_heat_per_person,-5.0,5.0,0.0
households_lighting_incandescent_electricity_share,0.0,100.0,47.97687861271676
households_lighting_efficient_fluorescent_electricity_share,0.0,100.0,46.24277456647399
households_lighting_led_electricity_share,0.0,100.0,5.780346820809249
households_heater_heatpump_air_water_electricity_share,0.0,100.0,0.41442500558380263
households_heater_coal_share,0.0,100.0,0.0
households_heater_heatpump_ground_water_electricity_share,0.0,100.0,0.5525666741117372
households_heater_combined_hydrogen_share,0.0,100.0,0.0
households_heater_electricity_share,0.0,100.0,2.0721250279190113
households_heater_network_gas_share,0.0,100.0,2.524441740896131
households_heater_wood_pellets_share,0.0,100.0,3.2817369169554285
households_heater_hybrid_hydrogen_heatpump_air_water_electricity_share,0.0,100.0,0.0
households_heater_hybrid_heatpump_air_water_electricity_share,0.0,100.0,0.10496565863076157
households_heater_combined_network_gas_share,0.0,100.0,81.03457988276581
households_heater_district_heating_steam_hot_water_share,0.0,100.0,10.015159093137319
households_heater_crude_oil_share,0.0,100.0,0.0
households_water_heater_solar_thermal_share,0.0,100.0,0.0
households_useful_demand_hot_water_share,-5.0,5.0,0.0
households_appliances_dishwasher_electricity_efficiency,-34.0,35.0,0.0
households_appliances_fridge_freezer_electricity_efficiency,-132.0,66.0,0.0
households_appliances_television_electricity_efficiency,-93.0,92.0,0.0
households_appliances_computer_media_electricity_efficiency,-20.0,80.0,0.0
households_appliances_clothes_dryer_electricity_efficiency,-36.0,69.0,0.0
households_appliances_vacuum_cleaner_electricity_efficiency,-15.0,75.0,0.0
households_appliances_washing_machine_electricity_efficiency,-56.0,28.0,0.0
households_appliances_other_electricity_efficiency,-20.0,80.0,0.0
households_cooling_airconditioning_electricity_share,0.0,100.0,91.16279069807722
households_useful_demand_for_cooling,-15.0,15.0,0.0
households_cooling_heatpump_air_water_electricity_share,0.0,100.0,0.0
households_cooling_heatpump_ground_water_electricity_share,0.0,100.0,8.837209301922769
households_cooker_halogen_electricity_share,0.0,100.0,23.462866430199472
households_cooker_induction_electricity_share,0.0,100.0,8.894959926002851
households_cooker_network_gas_share,0.0,100.0,63.702288910970104
households_cooker_resistive_electricity_share,0.0,100.0,3.0292433184529832
households_cooker_wood_pellets_share,0.0,100.0,0.9106414143745933
households_apartments_share,0.0,100.0,35.688199999999995
households_behavior_standby_killer_turn_off_appliances,0.0,100.0,0.0
households_insulation_level_terraced_houses,20.799500000000002,69.0,20.799500000000002
households_corner_houses_share,0.0,100.0,13.2971
households_detached_houses_share,0.0,100.0,7.588699999999999
households_insulation_level_apartments,17.783099999999997,67.0,17.783099999999997
households_insulation_level_semi_detached_houses,11.2525,69.0,11.2525
households_behavior_turn_off_the_light,0.0,100.0,0.0
households_semi_detached_houses_share,0.0,100.0,7.5858
households_behavior_low_temperature_washing,0.0,100.0,0.0
households_number_of_residences,0.0,2288108.0,572027.0
households_behavior_close_windows_turn_off_heating,0.0,100.0,0.0
households_solar_pv_solar_radiation_market_penetration,0.0,100.0,7.48277053274874
households_insulation_level_corner_houses,20.0708,69.0,20.0708
households_terraced_houses_share,0.0,100.0,35.8402
households_insulation_level_detached_houses,12.979099999999999,67.0,12.979099999999999
households_number_of_inhabitants,0.665259,2.661036,1.330518
bunkers_useful_demand_planes,-10.0,10.0,0.0
bunkers_allocated_percentage_shipping,0.0,100.0,0.0
bunkers_plane_using_kerosene_share,0.0,100.0,100.0
bunkers_ship_using_lng_share,0.0,100.0,0.0
bunkers_plane_using_bio_kerosene_share,0.0,100.0,0.0
bunkers_useful_demand_ships,-5.0,5.0,0.0
bunkers_ship_using_heavy_fuel_oil_share,0.0,100.0,100.0
bunkers_allocated_percentage_aviation,0.0,100.0,0.0
buildings_useful_demand_for_appliances,0.0,5.0,0.0
buildings_lighting_savings_from_daylight_control_light,0.0,100.0,20.511
buildings_lighting_savings_from_motion_detection_light,0.0,100.0,26.52
buildings_useful_demand_cooling,-15.0,15.0,0.0
buildings_insulation_level,44.5411,74.0,44.5411
buildings_space_heater_solar_thermal_share,0.0,100.0,0.0
buildings_solar_pv_solar_radiation_market_penetration,0.0,100.0,9.314650508204872
buildings_useful_demand_electricity,-5.0,5.0,0.0
number_of_buildings,-5.0,5.0,0.0
buildings_useful_demand_for_space_heating,-5.0,5.0,0.0
buildings_lighting_standard_fluorescent_electricity_share,0.0,100.0,91.20679199514858
buildings_lighting_efficient_fluorescent_electricity_share,0.0,100.0,6.064281382656154
buildings_lighting_led_electricity_share,0.0,100.0,2.72892662219527
buildings_space_heater_wood_pellets_share,0.0,100.0,0.25938700772996925
buildings_space_heater_network_gas_share,0.0,100.0,93.48648459795545
buildings_space_heater_electricity_share,0.0,100.0,0.0
buildings_space_heater_district_heating_steam_hot_water_share,0.0,100.0,3.4124824372457154
buildings_space_heater_combined_hydrogen_share,0.0,100.0,0.0
buildings_space_heater_crude_oil_share,0.0,100.0,0.0
buildings_space_heater_collective_heatpump_water_water_ts_electricity_share,0.0,100.0,2.8416459570688626
buildings_space_heater_heatpump_air_water_network_gas_share,0.0,100.0,0.0
buildings_space_heater_coal_share,0.0,100.0,0.0
buildings_cooling_heatpump_air_water_network_gas_share,0.0,100.0,0.0
buildings_cooling_airconditioning_share,0.0,100.0,95.4020507823314
buildings_cooling_collective_heatpump_water_water_ts_electricity_share,0.0,100.0,4.597949217668607
energy_production_bio_ethanol_both,0.0,0.0,0.0
energy_production_dry_biomass_both,0.0,0.0,0.0
energy_production_bio_oil_both,0.0,0.0,0.0
number_of_energy_power_wind_turbine_inland_present,0.0,7437.599999999999,12.876157407407408
energy_distribution_dry_biomass_both,0.0,0.0,0.0
number_of_energy_power_ultra_supercritical_network_gas_present,0.0,1.8009419883448898,0.0
number_of_energy_chp_supercritical_waste_mix_present,0.0,24.01255984459853,0.0
number_of_energy_power_combined_cycle_network_gas_present,0.0,1.8009419883448894,0.0
number_of_energy_power_supercritical_coal_present,0.0,1.82117729158472,0.0
energy_extraction_crude_oil_both,0.0,0.0,0.0
energy_production_woodpellets_both,0.0,0.0,0.0
energy_production_biodiesel_both,0.0,0.0,0.0
number_of_energy_power_ultra_supercritical_cofiring_coal_present,0.0,1.9724602729491643,0.0
energy_extraction_natural_gas_both,0.0,0.0,0.0
number_of_energy_chp_ultra_supercritical_coal_present,0.0,2.071089758752119,0.0
number_of_energy_power_wind_turbine_coastal_present,0.0,3.1199999999999997,0.0
number_of_energy_chp_ultra_supercritical_cofiring_coal_present,0.0,2.2390029071236275,0.0
number_of_energy_power_ultra_supercritical_coal_present,0.0,1.8009419883448898,0.0
number_of_energy_heater_for_heat_network_waste_mix_present,0.0,23.78533332362979,0.0
number_of_energy_power_hydro_river_present,0.0,225.8230876518666,0.0
number_of_energy_power_combined_cycle_coal_present,0.0,1.9068797523651775,0.0
energy_production_biogas_both,0.0,0.0,0.0
number_of_energy_heater_for_heat_network_network_gas_present,0.0,174.10863992897006,0.0
number_of_energy_power_nuclear_gen2_uranium_oxide_present,0.0,1.0,0.0
number_of_energy_power_wind_turbine_offshore_present,0.0,25000.0,0.0
number_of_energy_heater_for_heat_network_wood_pellets_present,0.0,52.22214754918118,0.6239239214561959
number_of_energy_chp_combined_cycle_network_gas_present,0.0,12.006279922299264,0.0
energy_production_wood_both,0.0,0.0,0.0
other_useful_demand_non_energetic_both,,,
transport_car_using_lpg_share_present,0.0,100.0,2.16617265786816
transport_car_using_electricity_share_present,0.0,100.0,1.3394506970736106
transport_car_using_gasoline_mix_share_present,0.0,100.0,67.30581850154094
transport_car_using_hydrogen_share_present,0.0,100.0,0.0014539065599633101
transport_car_using_diesel_mix_share_present,0.0,100.0,29.187104236957335
transport_useful_demand_car_kms_both,-5.0,5.0,0.0
transport_car_using_compressed_natural_gas_share_present,0.0,100.0,0.0
transport_ship_using_diesel_mix_share_present,0.0,100.0,100.0
transport_useful_demand_ship_kms_both,-5.0,10.0,0.0
transport_ship_using_lng_mix_share_present,0.0,100.0,0.0
transport_useful_demand_planes_both,-5.0,5.0,0.0
transport_truck_using_compressed_natural_gas_share_present,0.0,100.0,0.0
transport_truck_using_gasoline_mix_share_present,0.0,100.0,0.2579682410296411
transport_useful_demand_truck_kms_both,-5.0,5.0,0.0
transport_truck_using_diesel_mix_share_present,0.0,100.0,98.75210838425215
transport_truck_using_lng_mix_share_present,0.0,100.0,0.0
transport_truck_using_electricity_share_present,0.0,100.0,0.9899233747182147
transport_road_mixer_diesel_biodiesel_share_present,0.0,100.0,2.917040300935655
transport_road_mixer_diesel_diesel_share_present,0.0,100.0,97.08295969906435
transport_road_mixer_gasoline_gasoline_share_present,0.0,100.0,92.03059062397988
transport_road_mixer_gasoline_ethanol_share_present,0.0,100.0,7.969409376020109
transport_useful_demand_trains_both,-5.0,5.0,0.0
transport_train_using_coal_share_present,0.0,100.0,0.0
transport_train_using_diesel_share_present,0.0,100.0,0.0
transport_train_using_electricity_share_present,0.0,100.0,100.0
agriculture_useful_demand_useable_heat_both,,,
agriculture_burner_wood_pellets_share_present,0.0,100.0,0.0
number_of_agriculture_chp_supercritical_wood_pellets_present,0.0,1.0,0.0
agriculture_heatpump_water_water_ts_electricity_share_present,0.0,100.0,0.0
agriculture_burner_network_gas_share_present,0.0,100.0,34.02122544125382
number_of_agriculture_chp_engine_network_gas_present,0.0,1.0,0.0
agriculture_geothermal_share_present,0.0,100.0,0.0
agriculture_useful_demand_electricity_both,,,
number_of_agriculture_chp_engine_biogas_present,0.0,1.0,0.0
agriculture_burner_crude_oil_share_present,0.0,100.0,0.0
agriculture_final_demand_steam_hot_water_share_present,0.0,100.0,65.97877455874618
industry_useful_demand_for_other_ict_both,0.0,500.0,100.0
industry_chemicals_other_burner_network_gas_share_present,0.0,100.0,0.0
industry_other_paper_burner_coal_share_present,0.0,100.0,0.0
industry_useful_demand_for_chemical_other_useable_heat_both,0.0,250.0,100.0
industry_useful_demand_for_other_minerals_both,0.0,250.0,100.0
industry_final_demand_for_other_paper_steam_hot_water_share_present,0.0,100.0,0.0
industry_useful_demand_for_chemical_fertilizers_both,0.0,250.0,100.0
industry_chemicals_fertilizers_burner_wood_pellets_share_present,0.0,100.0,0.0
industry_chemicals_other_burner_crude_oil_share_present,0.0,100.0,0.0
industry_chemicals_fertilizers_burner_coal_share_present,0.0,100.0,0.0
industry_other_food_burner_network_gas_share_present,0.0,100.0,0.0
industry_useful_demand_for_chemical_other_crude_oil_non_energetic_both,0.0,250.0,100.0
industry_final_demand_for_chemical_refineries_steam_hot_water_share_present,0.0,100.0,0.0
industry_chemicals_other_steam_recompression_electricity_share_present,0.0,100.0,0.0
industry_useful_demand_for_other_machinery_both,0.0,250.0,100.0
industry_useful_demand_for_other_transport_equipment_both,0.0,250.0,100.0
number_of_industry_chp_combined_cycle_gas_power_fuelmix_present,0.0,1.0,0.0
industry_chemicals_fertilizers_burner_crude_oil_share_present,0.0,100.0,0.0
industry_other_paper_burner_network_gas_share_present,0.0,100.0,0.0
industry_chemicals_refineries_burner_network_gas_share_present,0.0,100.0,0.0
industry_chemicals_other_burner_coal_share_present,0.0,100.0,0.0
industry_final_demand_for_chemical_other_steam_hot_water_share_present,0.0,100.0,0.0
industry_other_food_burner_wood_pellets_share_present,0.0,100.0,0.0
industry_other_paper_burner_crude_oil_share_present,0.0,100.0,0.0
industry_chemicals_refineries_burner_wood_pellets_share_present,0.0,100.0,0.0
industry_aluminium_production_both,0.0,250.0,100.0
industry_useful_demand_for_other_food_both,0.0,250.0,100.0
number_of_industry_chp_engine_gas_power_fuelmix_present,0.0,105.37178229058186,0.0
industry_chemicals_refineries_burner_coal_share_present,0.0,100.0,0.0
industry_useful_demand_for_other_mining_both,0.0,250.0,100.0
industry_final_demand_for_chemical_fertilizers_steam_hot_water_share_present,0.0,100.0,0.0
industry_useful_demand_for_other_aggregated_industry_nl_wood_pellets_non_energetic_both,0.0,250.0,100.0
industry_useful_demand_for_other_aggregated_industry_nl_network_gas_both,0.0,250.0,100.0
industry_useful_demand_for_chemical_aggregated_industry_both,0.0,250.0,100.0
industry_useful_demand_for_other_aggregated_industry_nl_coal_both,0.0,250.0,100.0
industry_useful_demand_for_chemical_refineries_both,0.0,250.0,100.0
industry_useful_demand_for_other_aggregated_industry_other_both,0.0,250.0,100.0
industry_useful_demand_for_other_aggregated_industry_nl_wood_pellets_both,0.0,250.0,100.0
industry_other_food_burner_crude_oil_share_present,0.0,100.0,0.0
industry_chemicals_fertilizers_burner_network_gas_share_present,0.0,100.0,0.0
industry_chemicals_other_burner_wood_pellets_share_present,0.0,100.0,0.0
industry_useful_demand_for_other_aggregated_industry_nl_coal_non_energetic_both,0.0,250.0,100.0
industry_useful_demand_for_other_wood_products_both,0.0,250.0,100.0
industry_useful_demand_for_other_paper_both,0.0,250.0,100.0
industry_useful_demand_for_other_construction_both,0.0,250.0,100.0
industry_useful_demand_for_other_aggregated_industry_nl_crude_oil_both,0.0,250.0,100.0
industry_useful_demand_for_other_aggregated_industry_nl_electricity_both,0.0,250.0,100.0
industry_useful_demand_for_other_aggregated_industry_nl_crude_oil_non_energetic_both,0.0,250.0,100.0
industry_useful_demand_for_chemical_other_coal_non_energetic_both,0.0,250.0,100.0
industry_useful_demand_for_chemical_other_electricity_both,0.0,250.0,100.0
industry_final_demand_for_other_food_steam_hot_water_share_present,0.0,100.0,0.0
industry_useful_demand_for_other_textile_both,0.0,250.0,100.0
industry_other_food_burner_coal_share_present,0.0,100.0,0.0
industry_other_food_heater_electricity_share_present,0.0,100.0,0.0
industry_chemicals_refineries_burner_crude_oil_share_present,0.0,100.0,0.0
industry_useful_demand_for_other_aggregated_industry_nl_network_gas_non_energetic_both,0.0,250.0,100.0
industry_other_paper_burner_wood_pellets_share_present,0.0,100.0,0.0
industry_chemicals_other_heatpump_water_water_electricity_share_present,0.0,100.0,0.0
number_of_industry_chp_turbine_gas_power_fuelmix_present,0.0,2.4716837821247597,0.0
industry_other_metals_production_both,0.0,250.0,100.0
industry_useful_demand_for_chemical_other_network_gas_non_energetic_both,0.0,250.0,100.0
industry_useful_demand_for_other_aggregated_industry_nl_useable_heat_both,0.0,250.0,100.0
industry_steel_production_both,0.0,250.0,100.0
industry_useful_demand_for_other_non_specified_both,0.0,250.0,100.0
industry_other_paper_heater_electricity_share_present,0.0,100.0,0.0
industry_useful_demand_for_chemical_other_wood_pellets_non_energetic_both,0.0,250.0,100.0
households_useful_demand_lighting_both,-5.0,5.0,0.0
households_useful_demand_cooking_per_person_both,-5.0,5.0,0.0
households_useful_demand_electric_appliances_both,-5.0,5.0,0.0
households_useful_demand_heat_per_person_both,,,
households_useful_demand_hot_water_both,-5.0,5.0,0.0
households_lighting_efficient_fluorescent_electricity_share_present,0.0,100.0,46.24277456647399
households_lighting_incandescent_electricity_share_present,0.0,100.0,47.97687861271676
households_lighting_led_electricity_share_present,0.0,100.0,5.780346820809249
households_space_heater_network_gas_share_present,0.0,100.0,0.0
households_space_heater_district_heating_steam_hot_water_share_present,0.0,100.0,0.0
households_space_heater_hybrid_heatpump_air_water_electricity_share_present,0.0,100.0,0.0
households_space_heater_combined_network_gas_share_both,0.0,100.0,0.0
households_space_heater_coal_share_both,0.0,100.0,0.0
households_space_heater_wood_pellets_share_both,0.0,100.0,0.0
households_space_heater_heatpump_ground_water_electricity_share_both,0.0,100.0,0.0
households_space_heater_district_heating_steam_hot_water_share_both,0.0,100.0,0.0
households_space_heater_combined_network_gas_share_present,0.0,100.0,0.0
households_space_heater_crude_oil_share_present,0.0,100.0,0.0
households_space_heater_wood_pellets_share_present,0.0,100.0,0.0
households_space_heater_coal_share_present,0.0,100.0,0.0
households_space_heater_heatpump_air_water_electricity_share_both,0.0,100.0,0.0
households_space_heater_electricity_share_both,0.0,100.0,0.0
households_space_heater_hybrid_heatpump_air_water_electricity_share_both,0.0,100.0,0.0
households_space_heater_network_gas_share_both,0.0,100.0,0.0
households_space_heater_electricity_share_present,0.0,100.0,0.0
households_space_heater_heatpump_ground_water_electricity_share_present,0.0,100.0,0.0
households_space_heater_crude_oil_share_both,0.0,100.0,0.0
households_space_heater_heatpump_air_water_electricity_share_present,0.0,100.0,0.0
households_water_heater_combined_network_gas_share_both,0.0,100.0,76.92860927461271
households_water_heater_crude_oil_share_present,0.0,100.0,0.0
households_water_heater_network_gas_share_both,0.0,100.0,2.386211491388464
households_water_heater_wood_pellets_share_present,0.0,100.0,0.0
households_water_heater_heatpump_air_water_electricity_share_both,0.0,100.0,0.0
households_water_heater_hybrid_heatpump_air_water_electricity_share_both,0.0,100.0,0.0
households_water_heater_district_heating_steam_hot_water_share_present,0.0,100.0,11.43127189930883
households_water_heater_crude_oil_share_both,0.0,100.0,0.0
households_water_heater_district_heating_steam_hot_water_share_both,0.0,100.0,11.43127189930883
households_water_heater_heatpump_air_water_electricity_share_present,0.0,100.0,0.0
households_water_heater_combined_network_gas_share_present,0.0,100.0,76.92860927461271
households_water_heater_coal_share_both,0.0,100.0,0.0
households_water_heater_resistive_electricity_share_present,0.0,100.0,6.856231170849168
households_water_heater_resistive_electricity_share_both,0.0,100.0,6.856231170849168
households_water_heater_heatpump_ground_water_electricity_share_present,0.0,100.0,1.2028475738331885
households_water_heater_hybrid_heatpump_air_water_electricity_share_present,0.0,100.0,0.0
households_water_heater_wood_pellets_share_both,0.0,100.0,0.0
households_water_heater_network_gas_share_present,0.0,100.0,2.386211491388464
households_water_heater_heatpump_ground_water_electricity_share_both,0.0,100.0,1.2028475738331885
households_water_heater_coal_share_present,0.0,100.0,0.0
households_useful_demand_for_cooling_both,-10.0,10.0,0.0
households_cooling_heatpump_ground_water_electricity_share_present,0.0,100.0,8.837209301922769
households_cooling_heatpump_air_water_electricity_share_present,0.0,100.0,0.0
households_cooling_airconditioning_electricity_share_present,0.0,100.0,91.16279069807722
households_cooker_resistive_electricity_share_present,0.0,100.0,3.0292433184529832
households_cooker_halogen_electricity_share_present,0.0,100.0,23.462866430199472
households_cooker_wood_pellets_share_present,0.0,100.0,0.9106414143745933
households_cooker_network_gas_share_present,0.0,100.0,63.702288910970104
households_cooker_induction_electricity_share_present,0.0,100.0,8.894959926002851
households_collective_chp_biogas_share_present,0.0,100.0,0.0
households_collective_chp_wood_pellets_share_present,0.0,100.0,0.0
households_collective_geothermal_share_present,0.0,100.0,0.0
households_heat_network_connection_steam_hot_water_share_present,0.0,100.0,0.0
households_collective_chp_network_gas_share_present,0.0,100.0,0.0
households_number_of_inhabitants_both,0.0,0.0,0.0
households_solar_pv_solar_radiation_market_penetration_both,0.0,100.0,7.48277053274874
number_of_cars,0.0,0.0,0.0
number_of_energy_power_solar_pv_solar_radiation_present,0.0,327.5346398180187,0.16083557606048957
number_of_cars_present,0.0,0.0,0.0
number_of_cars_both,0.0,0.0,0.0
buildings_useful_demand_electricity_both,-5.0,5.0,0.0
buildings_useful_demand_light_both,-5.0,5.0,0.0
buildings_useful_demand_cooling_both,-5.0,5.0,0.0
buildings_solar_pv_solar_radiation_market_penetration_both,0.0,100.0,9.314650508204872
buildings_useful_demand_for_space_heating_both,-5.0,5.0,0.0
buildings_useful_demand_appliances_both,-5.0,5.0,0.0
buildings_lighting_standard_fluorescent_electricity_share_present,0.0,100.0,91.20679199514858
buildings_lighting_led_electricity_share_present,0.0,100.0,2.72892662219527
buildings_lighting_efficient_fluorescent_electricity_share_present,0.0,100.0,6.064281382656154
buildings_space_heater_coal_share_present,0.0,100.0,0.0
buildings_space_heater_district_heating_steam_hot_water_share_present,0.0,100.0,3.4124824372457154
buildings_space_heater_wood_pellets_share_present,0.0,100.0,0.25938700772996925
buildings_space_heater_electricity_share_present,0.0,100.0,0.0
buildings_space_heater_heatpump_air_water_network_gas_share_present,0.0,100.0,0.0
buildings_space_heater_collective_heatpump_water_water_ts_electricity_share_present,0.0,100.0,2.8416459570688626
buildings_space_heater_network_gas_share_present,0.0,100.0,93.48648459795545
buildings_space_heater_crude_oil_share_present,0.0,100.0,0.0
buildings_appliances_coal_share_both,0.0,100.0,0.0
buildings_appliances_wood_pellets_share_both,0.0,100.0,0.0
buildings_appliances_network_gas_share_both,0.0,100.0,0.0
buildings_appliances_crude_oil_share_both,0.0,100.0,0.0
buildings_appliances_electricity_share_both,0.0,100.0,100.0
buildings_collective_geothermal_share_present,0.0,100.0,0.0
buildings_heat_network_connection_steam_hot_water_share_present,0.0,100.0,0.0
buildings_collective_chp_network_gas_share_present,0.0,100.0,0.0
buildings_collective_chp_wood_pellets_share_present,0.0,100.0,0.0
buildings_chp_engine_biogas_share_present,0.0,100.0,0.0
buildings_cooling_heatpump_air_water_network_gas_share_present,0.0,100.0,0.0
buildings_cooling_collective_heatpump_water_water_ts_electricity_share_present,0.0,100.0,4.597949217668607
buildings_cooling_airconditioning_share_present,0.0,100.0,95.4020507823314
change_in_non_energetic_emissions_other_ghg_chemical_industry,0.0,500.0,100.0
change_in_non_energetic_emissions_co2_other_industry,0.0,500.0,100.0
change_in_non_energetic_emissions_other_ghg_waste_management,0.0,500.0,100.0
change_in_energetic_emissions_other_ghg_households,0.0,500.0,100.0
change_in_non_energetic_emissions_other_ghg_agriculture_soil_cultivation,0.0,500.0,100.0
change_in_non_energetic_emissions_co2_agriculture_manure,0.0,500.0,100.0
change_in_non_energetic_emissions_co2_waste_management,0.0,500.0,100.0
change_in_energetic_emissions_other_ghg_industry,0.0,500.0,100.0
change_in_energetic_emissions_other_ghg_transport,0.0,500.0,100.0
change_in_indirect_emissions_co2,0.0,500.0,100.0
change_in_energetic_emissions_other_ghg_agriculture,0.0,500.0,100.0
change_in_energetic_emissions_other_ghg_buildings,0.0,500.0,100.0
change_in_non_energetic_emissions_co2_chemical_industry,0.0,500.0,100.0
change_in_non_energetic_emissions_other_ghg_agriculture_other,0.0,500.0,100.0
change_in_non_energetic_emissions_other_ghg_agriculture_manure,0.0,500.0,100.0
change_in_non_energetic_emissions_other_ghg_agriculture_fermentation,0.0,500.0,100.0
change_in_energetic_emissions_other_ghg_energy,0.0,500.0,100.0
change_in_non_energetic_emissions_co2_agriculture_soil_cultivation,0.0,500.0,100.0
change_in_non_energetic_emissions_other_ghg_other_industry,0.0,500.0,100.0
settings_weather_curve_set,,,default
